# String literals that name text is tested against (extract.py finds them), and why each may be.
#
#   file  fn  test  literal  n  reason  why
#
#   R  a name being resolved: before the resolver, in the parser, or a scalar no declaration stands behind
#   D  a diagnostic, a dump, tool output, a test's assertion
#   E  emitted text compared to spell output
#   L  an operation or field label inside a declaration known by its id
#
# A test that decides which declaration, type, effect or binder something is, after the resolver,
# is not listed here: it is a row of pending-written.txt until it is converted to an id.
ctor_dump.kai	cd_is_ctor_name	list_has	Err	1	D	--dump-ctors: which written names the dump lists as core constructors
ctor_dump.kai	cd_is_ctor_name	list_has	None	1	D	--dump-ctors: which written names the dump lists as core constructors
ctor_dump.kai	cd_is_ctor_name	list_has	Ok	1	D	--dump-ctors: which written names the dump lists as core constructors
ctor_dump.kai	cd_is_ctor_name	list_has	Some	1	D	--dump-ctors: which written names the dump lists as core constructors
deep_outline.kai	do_pins	==	nursery	1	R	before the resolver: a callee still written as `nursery` / `resume` pins its block
deep_outline.kai	do_pins	==	resume	1	R	before the resolver: a callee still written as `nursery` / `resume` pins its block
desugar.kai	rewrite_nursery_caps_kind	==	nursery	1	R	before the resolver: the `nursery` form is recognised by the callee it writes
desugar.kai	check_brand_consume	==	await	1	R	before the resolver: an op written on a nursery capability binder (`n.await`)
desugar.kai	check_brand_consume	==	cancel	1	R	before the resolver: an op written on a nursery capability binder (`n.await`)
desugar.kai	check_brand_consume	==	select	1	R	before the resolver: an op written on a nursery capability binder (`n.await`)
doc_attr.kai	doc_unquote	==	\"\"\"	1	D	doc tool: the triple-quote delimiter of a doc string, not a name
emit_c.kai	evf_join_params	==	void	1	E	C text: an empty C parameter list is spelled `void`
emit_shared.kai	ffi_fixed_of_name	==	U8	1	R	FFI width scalars (`U8` … `F32`) have no declaration: the spelling is all there is
emit_shared.kai	ffi_fixed_of_name	==	U16	1	R	FFI width scalars (`U8` … `F32`) have no declaration: the spelling is all there is
emit_shared.kai	ffi_fixed_of_name	==	U32	1	R	FFI width scalars (`U8` … `F32`) have no declaration: the spelling is all there is
emit_shared.kai	ffi_fixed_of_name	==	U64	1	R	FFI width scalars (`U8` … `F32`) have no declaration: the spelling is all there is
emit_shared.kai	ffi_fixed_of_name	==	I8	1	R	FFI width scalars (`U8` … `F32`) have no declaration: the spelling is all there is
emit_shared.kai	ffi_fixed_of_name	==	I16	1	R	FFI width scalars (`U8` … `F32`) have no declaration: the spelling is all there is
emit_shared.kai	ffi_fixed_of_name	==	I32	1	R	FFI width scalars (`U8` … `F32`) have no declaration: the spelling is all there is
emit_shared.kai	ffi_fixed_of_name	==	I64	1	R	FFI width scalars (`U8` … `F32`) have no declaration: the spelling is all there is
emit_shared.kai	ffi_fixed_of_name	==	F32	1	R	FFI width scalars (`U8` … `F32`) have no declaration: the spelling is all there is
fmt_refine.kai	fmt_callee_is_regex_compile	==	compile_or_panic	1	D	kai fmt: prints `matches` sugar back from the call the parser wrote
fmt_refine.kai	fmt_callee_is_regex_compile	==	regexp	1	D	kai fmt: prints `matches` sugar back from the call the parser wrote
intrinsics.kai	intrinsic_of_name	match	extern_handler	1	R	the parser turns an intrinsic's written name into its `Intrinsic` constructor
intrinsics.kai	intrinsic_of_name	match	__cell_init	1	R	the parser turns an intrinsic's written name into its `Intrinsic` constructor
intrinsics.kai	intrinsic_of_name	match	__cell_get	1	R	the parser turns an intrinsic's written name into its `Intrinsic` constructor
intrinsics.kai	intrinsic_of_name	match	__cell_set	1	R	the parser turns an intrinsic's written name into its `Intrinsic` constructor
intrinsics.kai	intrinsic_of_name	match	__loop_while	1	R	the parser turns an intrinsic's written name into its `Intrinsic` constructor
intrinsics.kai	intrinsic_of_name	match	__loop_until	1	R	the parser turns an intrinsic's written name into its `Intrinsic` constructor
intrinsics.kai	intrinsic_of_name	match	__loop_repeat	1	R	the parser turns an intrinsic's written name into its `Intrinsic` constructor
intrinsics.kai	intrinsic_of_name	match	resume_frame	1	R	the parser turns an intrinsic's written name into its `Intrinsic` constructor
intrinsics.kai	intrinsic_of_name	match	resume_bad	1	R	the parser turns an intrinsic's written name into its `Intrinsic` constructor
intrinsics.kai	intrinsic_of_name	match	seg_handle	1	R	the parser turns an intrinsic's written name into its `Intrinsic` constructor
intrinsics.kai	intrinsic_of_name	match	seg_request	1	R	the parser turns an intrinsic's written name into its `Intrinsic` constructor
intrinsics.kai	intrinsic_of_name	match	seg_state	1	R	the parser turns an intrinsic's written name into its `Intrinsic` constructor
intrinsics.kai	intrinsic_of_name	match	__kai_absent	1	R	the parser turns an intrinsic's written name into its `Intrinsic` constructor
kinds.kai	tk_at_kind_head	==	kind	1	R	token scan: the contextual keyword `kind`
loop_lower.kai	ll_is_base	==	repeat	1	R	before the resolver: `loop.while` / `until` / `repeat` as written
loop_lower.kai	ll_is_base	==	until	1	R	before the resolver: `loop.while` / `until` / `repeat` as written
loop_lower.kai	ll_is_base	==	while	1	R	before the resolver: `loop.while` / `until` / `repeat` as written
loop_lower.kai	ll_callee_base	==	loop	1	R	before the resolver: the `loop` qualifier as written, unless a local shadows it
loop_lower.kai	ll_callee_base	list_has	loop	1	R	before the resolver: the `loop` qualifier as written, unless a local shadows it
migrate_types.kai	ref_is_result	==	Result	1	R	kai migrate: rewrites the written type `Result` on parser output
module_table.kai	home_path_loop	==	__	1	E	a module home spells the `.` of its import path as `__`: text to text
modules.kai	module_name_of_path	==	.kai	1	R	a file path's `.kai` extension, not a name
modules.kai	rqc_kind	==	bit	1	R	before the resolver: the dotted `bit.*` surface
operators.kai	binop_of_text	match	+	1	R	the parser turns an operator token's text into its `BinOp`
operators.kai	binop_of_text	match	-	1	R	the parser turns an operator token's text into its `BinOp`
operators.kai	binop_of_text	match	*	1	R	the parser turns an operator token's text into its `BinOp`
operators.kai	binop_of_text	match	/	1	R	the parser turns an operator token's text into its `BinOp`
operators.kai	binop_of_text	match	%	1	R	the parser turns an operator token's text into its `BinOp`
operators.kai	binop_of_text	match	^	1	R	the parser turns an operator token's text into its `BinOp`
operators.kai	binop_of_text	match	++	1	R	the parser turns an operator token's text into its `BinOp`
operators.kai	binop_of_text	match	==	1	R	the parser turns an operator token's text into its `BinOp`
operators.kai	binop_of_text	match	!=	1	R	the parser turns an operator token's text into its `BinOp`
operators.kai	binop_of_text	match	<	1	R	the parser turns an operator token's text into its `BinOp`
operators.kai	binop_of_text	match	>	1	R	the parser turns an operator token's text into its `BinOp`
operators.kai	binop_of_text	match	<=	1	R	the parser turns an operator token's text into its `BinOp`
operators.kai	binop_of_text	match	>=	1	R	the parser turns an operator token's text into its `BinOp`
operators.kai	binop_of_text	match	and	1	R	the parser turns an operator token's text into its `BinOp`
operators.kai	binop_of_text	match	or	1	R	the parser turns an operator token's text into its `BinOp`
parse.kai	parse_ident_primary	==	variants	1	R	parser: contextual keywords
parse.kai	parse_ident_primary	==	region	1	R	parser: contextual keywords
parse.kai	parse_ident_primary	==	ensure	1	R	parser: contextual keywords
parse.kai	is_matches_sugar_start	!=	matches	1	R	parser: contextual keyword `matches`
parse.kai	ty_head_takes_habitant	==	Decimal	1	R	parser: which written heads take a `<…>` habitant
parse.kai	ty_head_takes_habitant	==	Int	1	R	parser: which written heads take a `<…>` habitant
parse.kai	ty_head_takes_habitant	==	Real	1	R	parser: which written heads take a `<…>` habitant
parse.kai	parse_at_legacy_extern_c_attribute	==	extern_c	1	R	parser: the attribute `extern_c`
parse.kai	parse_extern_decl	==	\"C\"	1	R	parser: the ABI string of an `extern` declaration
parse.kai	parse_extern_decl	==	\"kai\"	1	R	parser: the ABI string of an `extern` declaration
parse.kai	is_opaque_keyword	==	opaque	1	R	parser: contextual keyword `opaque`
parse.kai	is_fixed_width_ffi_name	==	U16	1	R	parser: FFI width scalars as written
parse.kai	is_fixed_width_ffi_name	==	U32	1	R	parser: FFI width scalars as written
parse.kai	is_fixed_width_ffi_name	==	U64	1	R	parser: FFI width scalars as written
parse.kai	is_fixed_width_ffi_name	==	U8	1	R	parser: FFI width scalars as written
parse.kai	is_fixed_width_ffi_name	==	I16	1	R	parser: FFI width scalars as written
parse.kai	is_fixed_width_ffi_name	==	I32	1	R	parser: FFI width scalars as written
parse.kai	is_fixed_width_ffi_name	==	I64	1	R	parser: FFI width scalars as written
parse.kai	is_fixed_width_ffi_name	==	I8	1	R	parser: FFI width scalars as written
parse.kai	is_fixed_width_ffi_name	==	F32	1	R	parser: FFI width scalars as written
parse.kai	is_c_abi_safe_type	==	Int	1	R	parser: scalar names an `extern "C"` signature may write
parse.kai	is_c_abi_safe_type	==	Real	1	R	parser: scalar names an `extern "C"` signature may write
parse.kai	is_c_abi_safe_type	==	Bool	1	R	parser: scalar names an `extern "C"` signature may write
parse.kai	is_c_abi_safe_type	==	Char	1	R	parser: scalar names an `extern "C"` signature may write
parse.kai	is_c_abi_safe_type	==	String	1	R	parser: scalar names an `extern "C"` signature may write
parse.kai	is_c_abi_safe_type	==	Unit	1	R	parser: scalar names an `extern "C"` signature may write
parse.kai	is_v1_primitive_name	==	Bool	1	R	parser: scalar names
parse.kai	is_v1_primitive_name	==	Int	1	R	parser: scalar names
parse.kai	is_v1_primitive_name	==	Real	1	R	parser: scalar names
parse.kai	is_v1_primitive_name	==	Char	1	R	parser: scalar names
parse.kai	is_v1_primitive_name	==	String	1	R	parser: scalar names
parse.kai	is_v1_primitive_name	==	Unit	1	R	parser: scalar names
parse.kai	parse_field_attrs	!=	json	1	R	parser: the field attribute `json`
parse.kai	parse_json_field_attr	==	skip	1	R	parser: the keys of a `json` field attribute
parse.kai	parse_json_field_attr	==	rename	1	R	parser: the keys of a `json` field attribute
parse.kai	parse_json_field_attr	==	default	1	R	parser: the keys of a `json` field attribute
protos.kai	derive_builtin_impl	list_has	Bool	3	R	before the resolver: scalar names a derive finds a builtin impl for
protos.kai	derive_builtin_impl	list_has	Char	3	R	before the resolver: scalar names a derive finds a builtin impl for
protos.kai	derive_builtin_impl	list_has	Int	3	R	before the resolver: scalar names a derive finds a builtin impl for
protos.kai	derive_builtin_impl	list_has	Real	3	R	before the resolver: scalar names a derive finds a builtin impl for
protos.kai	derive_builtin_impl	list_has	String	3	R	before the resolver: scalar names a derive finds a builtin impl for
protos.kai	derive_builtin_impl	list_has	Unit	2	R	before the resolver: scalar names a derive finds a builtin impl for
pub_access_refs.kai	pa_dotted_loop	==	.	1	R	before the resolver: splitting a dotted written name at `.`
resolve.kai	unbound_hint	==	region	1	D	the hint an unbound-name diagnostic adds for `region`
resolve_sym_test.kai	rst_root_shadows_module	==	root	1	D	self-test assertion
resolve_sym_test.kai	rst_root_reaches_module	==	complex	1	D	self-test assertion
resume_scan.kai	rs_is_loop_callee	==	loop	1	R	before the resolver: the `loop` qualifier as written
resume_scan.kai	rs_is_loop_name	==	repeat	1	R	before the resolver: `while` / `until` / `repeat` as written
resume_scan.kai	rs_is_loop_name	==	until	1	R	before the resolver: `while` / `until` / `repeat` as written
resume_scan.kai	rs_is_loop_name	==	while	1	R	before the resolver: `while` / `until` / `repeat` as written
resume_segment_state.kai	state_return_lambda	==	_	1	R	before the resolver: a handler `return(_)` binder written `_`
scalar_ty.kai	scalar_ty_named	match	Int	1	R	a scalar has no declaration: its spelling is all there is
scalar_ty.kai	scalar_ty_named	match	Real	1	R	a scalar has no declaration: its spelling is all there is
scalar_ty.kai	scalar_ty_named	match	Bool	1	R	a scalar has no declaration: its spelling is all there is
scalar_ty.kai	scalar_ty_named	match	String	1	R	a scalar has no declaration: its spelling is all there is
scalar_ty.kai	scalar_ty_named	match	Char	1	R	a scalar has no declaration: its spelling is all there is
scalar_ty.kai	scalar_ty_named	match	Unit	1	R	a scalar has no declaration: its spelling is all there is
scalar_ty.kai	scalar_ty_named	match	Byte	1	R	a scalar has no declaration: its spelling is all there is
scalar_ty.kai	scalar_ty_named	match	Int32	1	R	a scalar has no declaration: its spelling is all there is
scalar_ty.kai	scalar_ty_named	match	UInt32	1	R	a scalar has no declaration: its spelling is all there is
scalar_ty.kai	scalar_ty_named	match	UInt64	1	R	a scalar has no declaration: its spelling is all there is
scalar_ty.kai	scalar_ty_named	match	Int128	1	R	a scalar has no declaration: its spelling is all there is
scalar_ty.kai	scalar_ty_named	match	Handle	1	R	a scalar has no declaration: its spelling is all there is
scalar_ty.kai	is_fixed_width_name	==	Int128	1	R	a fixed-width scalar has no declaration
scalar_ty.kai	is_fixed_width_name	==	Int32	1	R	a fixed-width scalar has no declaration
scalar_ty.kai	is_fixed_width_name	==	UInt32	1	R	a fixed-width scalar has no declaration
scalar_ty.kai	is_fixed_width_name	==	UInt64	1	R	a fixed-width scalar has no declaration
scalar_ty.kai	ffi_fixed_ty_named	==	F32	1	R	an FFI width scalar has no declaration
scalar_ty.kai	ffi_fixed_ty_named	==	U16	1	R	an FFI width scalar has no declaration
scalar_ty.kai	ffi_fixed_ty_named	==	U32	1	R	an FFI width scalar has no declaration
scalar_ty.kai	ffi_fixed_ty_named	==	U64	1	R	an FFI width scalar has no declaration
scalar_ty.kai	ffi_fixed_ty_named	==	U8	1	R	an FFI width scalar has no declaration
scalar_ty.kai	ffi_fixed_ty_named	==	I16	1	R	an FFI width scalar has no declaration
scalar_ty.kai	ffi_fixed_ty_named	==	I32	1	R	an FFI width scalar has no declaration
scalar_ty.kai	ffi_fixed_ty_named	==	I64	1	R	an FFI width scalar has no declaration
scalar_ty.kai	ffi_fixed_ty_named	==	I8	1	R	an FFI width scalar has no declaration
scalar_ty.kai	undeclared_ty_named	==	Nothing	1	R	`Nothing` has no declaration
spawn_capture.kai	callee_is_spawn	==	spawn	1	L	the op label `spawn` inside the Spawn effect, which is identified by id
symtab_test.kai	stt_lookup_is_exact	==	iter	1	D	self-test assertion
symtab_test.kai	stt_methods_are_scoped	==	show	1	D	self-test assertion
symtab_test.kai	stt_untagged_takes_target	==	root	1	D	self-test assertion
symtab_test.kai	stt_repeat_is_one_symbol	==	pkg.a	1	D	self-test assertion
symtab_test.kai	stt_two_homes_resolve	==	pkg.a	1	D	self-test assertion
symtab_test.kai	stt_two_homes_resolve	==	pkg.b	1	D	self-test assertion
user_cache.kai	uif_imports_of	match	\n.	1	D	the terminator line of a cache entry's text, not a name
